jobs,interface,Num_intf_residues,Polar,Hydrophobhic,Charged,contact_pairs, sc, hb, sb, int_solv_en, int_area,pi_score,pdb, pvalue,iptm_ptm,iptm,mpDockQ/pDockQ,average lia score,lis_score
FOXK2_and_O15294,C_B,119.0,0.387,0.286,0.193,128.0,0.374,36.0,6.0,-32.76,4088.39,0.76,,,0.4604236279702200,0.42509255,0.618548613156195,5765,0.07505555052687810
FOXK2_and_P61964,C_B,53.0,0.358,0.302,0.189,52.0,0.393,14.0,13.0,-12.58,1963.51,0.27,,,0.5838078474785950,0.62238854,0.5221158064864590,6329,0.06504485865158810
FOXK2_and_Q9Y230,C_B,38.0,0.316,0.316,0.211,59.0,0.439,12.0,4.0,-4.52,1189.6,-0.17,,,0.6250471377831390,0.66300535,0.2596860315206120,45452,0.03448849866540970
FOXK2_and_Q9H7Z6,C_B,36.0,0.417,0.444,0.028,38.0,0.312,9.0,8.0,-6.14,1649.1,-0.66,,,0.5588820516735070,0.5841095,0.186162201862334,45904,0.03747222499684190
FOXK2_and_O96019,C_B,43.0,0.349,0.326,0.186,56.0,0.403,6.0,1.0,-18.64,1642.85,-0.81,,,0.5170215867471670,0.52876735,0.2734929566427250,5287,0.05374158253191470
FOXK2_and_Q9Y4A5,,,,,,,,,,,,No interface detected,,,0.4117795491128130,0.32352573,0.4693001926666170,0,0.05696240574305840
FOXK2_and_Q05BQ5,C_B,82.0,0.317,0.39,0.146,113.0,0.306,21.0,6.0,-28.36,2720.28,0.87,,,0.3922050170362170,0.37975875,0.2400819613161520,2882,0.04407750999498200
FOXK2_and_Q9UNL4,C_B,25.0,0.32,0.28,0.2,25.0,0.571,11.0,1.0,-5.97,1200.42,0.49,,,0.3397497048433100,0.35052896,0.2765620298895650,12434,0.02305442407332060
FOXK2_and_Q8WYH8,C_B,49.0,0.204,0.286,0.286,62.0,0.415,19.0,3.0,-14.32,1684.93,-0.5,,,0.3461170268813860,0.35918555,0.2540326391000100,12441,0.02374910026119600
FOXK2_and_Q9NQC1,C_B,106.0,0.208,0.33,0.236,145.0,0.188,22.0,11.0,-22.65,3524.38,0.79,,,0.3583623353587330,0.3582435,0.1786926345932560,21041,0.01496946051929760
FOXK2_and_P0C860,C_B,33.0,0.273,0.424,0.152,26.0,0.491,10.0,1.0,-23.47,1611.71,0.92,,,0.4695813260716160,0.49798498,0.2713728285911280,4505,0.0258938973288416
FOXK2_and_O95251,C_B,42.0,0.262,0.405,0.214,45.0,0.453,10.0,3.0,-10.91,1376.78,-0.09,,,0.4150497749969260,0.42117086,0.0661405442689233,35973,0.02926084321260420
FOXK2_and_O95619,C_B,12.0,0.333,0.167,0.333,11.0,0.46,5.0,1.0,-8.09,841.82,-0.87,,,0.6080370223079910,0.6619698,0.1251215538983570,28599,0.03274227943922080
FOXK2_and_Q96EZ8,C_B,98.0,0.194,0.357,0.296,174.0,0.223,31.0,10.0,-29.77,3166.85,0.82,,,0.326509157210525,0.34707555,0.2290080357614850,2797,0.01861967556142760
FOXK2_and_Q92993,C_B,89.0,0.292,0.27,0.202,115.0,0.322,21.0,5.0,-24.63,3502.42,0.31,,,0.3992575115374710,0.3905352,0.1180789414742070,3892,0.03059965232261290
FOXK2_and_Q9ULD4,C_B,66.0,0.273,0.212,0.258,69.0,0.257,12.0,11.0,-1.44,2509.71,-0.93,,,0.3131634068885280,0.31486577,0.0946645339245875,17305,0.01169222203582400
FOXK2_and_Q8N5Y2,C_B,89.0,0.315,0.337,0.191,91.0,0.353,22.0,3.0,-13.95,3192.64,-0.07,,,0.2724672359629390,0.2664253,0.2145310400519620,49,0.01884250284421050
FOXK2_and_P51610,,,,,,,,,,,,No interface detected,,,0.3626633132009900,0.3573609,0.0732286690443238,15052,0.01106230513398050
FOXK2_and_Q15014,C_B,59.0,0.305,0.339,0.186,68.0,0.392,11.0,5.0,-25.1,1892.84,0.3,,,0.246468675315115,0.2319667,0.1249000714278680,2520,0.02330923568057370
FOXK2_and_Q9NPF5,C_B,33.0,0.364,0.303,0.242,27.0,0.331,8.0,0.0,-11.13,1908.63,-2.02,,,0.2688841891857860,0.26940608,0.1396469347705190,4136,0.01498450438307460
FOXK2_and_Q68DK7,C_B,139.0,0.273,0.331,0.237,253.0,0.088,21.0,6.0,-26.92,3611.41,0.8,,,0.2576908070443810,0.25743407,0.1377201988684410,6076,0.009954028190607240
FOXK2_and_Q9P2N6,C_B,46.0,0.37,0.304,0.152,54.0,0.241,15.0,12.0,-6.19,2116.16,-0.05,,,0.3438482186425450,0.32704434,0.0409575066938749,3516,0.02025876492998720
FOXK2_and_A8MW92,C_B,70.0,0.343,0.271,0.3,85.0,0.301,21.0,17.0,1.95,2243.2,0.82,,,0.2939305507340850,0.29810694,0.0575016708777713,9429,0.00797420417884441
FOXK2_and_Q9BVI0,C_B,67.0,0.269,0.299,0.299,84.0,0.282,10.0,8.0,-2.95,2249.25,-1.1,,,0.2907994242925530,0.29787236,0.0442279257848991,9615,0.008162152970437800
FOXK2_and_Q52LR7,C_B,53.0,0.245,0.321,0.208,77.0,0.225,9.0,3.0,-18.88,2168.72,-1.14,,,0.2653564843903170,0.25802347,0.0485038296960315,3820,0.008967236341586390
FOXK2_and_Q15906,C_B,31.0,0.29,0.097,0.387,37.0,0.175,8.0,9.0,-0.49,1504.04,-1.16,,,0.1829759396200620,0.17020674,0.0849294758846893,0,0.01272190201016170
FOXK2_and_Q9NV56,C_B,33.0,0.182,0.333,0.394,31.0,0.292,12.0,10.0,-7.27,1330.98,-1.4,,,0.1929318067215380,0.18007371,0.0350762150033494,7,0.01902435715423660
FOXK2_and_Q9HCI7,C_B,46.0,0.326,0.37,0.196,43.0,0.338,14.0,2.0,-11.03,1861.68,-0.73,,,0.2020218598604820,0.18903607,0.0671077663119286,0,0.01328689686576890
FOXK2_and_Q9H9L4,C_B,53.0,0.283,0.321,0.17,69.0,0.28,12.0,8.0,-13.33,1893.15,-0.47,,,0.2085380872008790,0.19938347,0.0488739151213737,1242,0.01142597101872260
FOXK2_and_Q7Z3B3,C_B,143.0,0.287,0.322,0.217,201.0,0.195,39.0,12.0,-27.65,4103.89,0.45,,,0.2076285329010900,0.19903141,0.0477502864483857,0,0.005615509326373610
FOXK2_and_Q9Y265,C_B,23.0,0.304,0.478,0.217,31.0,0.243,11.0,7.0,-6.75,1300.45,-0.79,,,0.3309728051605060,0.30910423,0.0809062764385688,969,0.02845433834736960
FOXK2_and_Q9UBU8,C_B,51.0,0.353,0.314,0.196,47.0,0.288,11.0,3.0,-25.52,2263.76,-0.82,,,0.2220950607693310,0.20694667,0.1419254543007590,21,0.02229893623314100
FOXK2_and_Q9H0E9,C_B,185.0,0.351,0.33,0.189,268.0,0.152,37.0,14.0,-41.28,5256.26,0.66,,,0.2357858626632220,0.2311624,0.1006832238767180,0,0.008417132760971680
FOXK2_and_Q9NXR8,C_B,8.0,0.5,0.25,0.125,4.0,0.389,10.0,9.0,-5.08,1282.27,-0.91,,,0.2501536887348110,0.24229948,0.0731692772606808,217,0.01461502340570000
FOXK2_and_Q9H2F5,C_B,34.0,0.324,0.294,0.235,40.0,0.268,7.0,0.0,-15.9,1544.28,-1.9,,,0.2546603153371130,0.24471235,0.0308846753231545,1097,0.009226134050128880
FOXK2_and_Q96L91,,,,,,,,,,,,No interface detected,,,0.3024085836489560,0.29172462,0.0311875806856201,0,0.00377709749885435
FOXK2_and_Q9HAF1,C_B,28.0,0.429,0.214,0.321,35.0,0.201,8.0,0.0,-2.12,1134.44,-1.53,,,0.1858275166228500,0.16891974,0.0375795806650851,0,0.01826743857385790