jobs,interface,Num_intf_residues,Polar,Hydrophobhic,Charged,contact_pairs, sc, hb, sb, int_solv_en, int_area,pi_score,pdb, pvalue,iptm_ptm,iptm,mpDockQ/pDockQ,average lia score,lis_score,Passed_LIA,Passed_LIS,Passed_mpdockq,k,Composite_Score,Normalized_lis_score,Normalized_average lia score,Normalized_mpDockQ/pDockQ,Rank
FOXK2_and_O15294,C_B,119.0,0.387,0.286,0.193,128.0,0.374,36.0,6.0,-32.76,4088.39,0.76,,,0.4604236279702204,0.42509255,0.618548613156195,5765,0.07505555052687805,True,True,True,1.0,2.12558818403625,1.0,0.12558818403624955,1.0,1
FOXK2_and_P61964,C_B,53.0,0.358,0.302,0.189,52.0,0.393,14.0,13.0,-12.58,1963.51,0.27,,,0.5838078474785954,0.62238854,0.5221158064864592,6329,0.06504485865158806,True,False,True,0.75,1.3750010129019234,0.8595551467516529,0.13787469501568492,0.8359048421018935,2
FOXK2_and_Q9Y230,C_B,38.0,0.316,0.316,0.211,59.0,0.439,12.0,4.0,-4.52,1189.6,-0.17,,,0.6250471377831386,0.66300535,0.2596860315206116,45452,0.03448849866540971,True,False,True,0.75,1.3577692387792832,0.4308651473465751,0.9901533635413036,0.38934047415116557,3
FOXK2_and_Q9H7Z6,C_B,36.0,0.417,0.444,0.028,38.0,0.312,9.0,8.0,-6.14,1649.1,-0.66,,,0.5588820516735067,0.5841095,0.186162201862334,45904,0.03747222499684191,True,False,True,0.75,1.3027153000359593,0.47272529167741695,1.0,0.26422844170386195,4
FOXK2_and_O96019,C_B,43.0,0.349,0.326,0.186,56.0,0.403,6.0,1.0,-18.64,1642.85,-0.81,,,0.5170215867471667,0.52876735,0.2734929566427245,5287,0.05374158253191467,True,False,True,0.75,0.9217396630770855,0.7009760020102622,0.11517514813523876,0.4128350672906132,5
FOXK2_and_Q9Y4A5,,,,,,,,,,,,No interface detected,,,0.4117795491128129,0.32352573,0.4693001926666174,0,0.05696240574305839,False,False,True,0.5,0.746096748568956,0.7461624934998773,0.0,0.7460310036380349,6
FOXK2_and_Q05BQ5,C_B,82.0,0.317,0.39,0.146,113.0,0.306,21.0,6.0,-28.36,2720.28,0.87,,,0.3922050170362167,0.37975875,0.2400819613161518,2882,0.04407750999498203,True,False,True,0.75,0.7381187940425393,0.5653940396305073,0.0627831997211572,0.3559811527050546,7
FOXK2_and_Q9UNL4,C_B,25.0,0.32,0.28,0.2,25.0,0.571,11.0,1.0,-5.97,1200.42,0.49,,,0.3397497048433101,0.35052896,0.2765620298895646,12434,0.02305442407332057,True,False,True,0.75,0.719533629612692,0.27045096737561325,0.27086964098989197,0.4180575644514174,8
FOXK2_and_Q8WYH8,C_B,49.0,0.204,0.286,0.286,62.0,0.415,19.0,3.0,-14.32,1684.93,-0.5,,,0.3461170268813862,0.35918555,0.2540326391000095,12441,0.02374910026119597,True,False,True,0.75,0.6982045595769171,0.2801969166543144,0.2710221331474381,0.37972036296747025,9
FOXK2_and_Q9NQC1,C_B,106.0,0.208,0.33,0.236,145.0,0.188,22.0,11.0,-22.65,3524.38,0.79,,,0.3583623353587331,0.3582435,0.1786926345932562,21041,0.01496946051929759,True,False,True,0.75,0.6501829226313427,0.15702309106011142,0.45836964098989197,0.2515178314584534,10
FOXK2_and_P0C860,C_B,33.0,0.273,0.424,0.152,26.0,0.491,10.0,1.0,-23.47,1611.71,0.92,,,0.4695813260716162,0.49798498,0.2713728285911278,4505,0.0258938973288416,True,False,True,0.75,0.6132406922975092,0.31028731531661957,0.09813959567793656,0.40922734540212286,11
FOXK2_and_O95251,C_B,42.0,0.262,0.405,0.214,45.0,0.453,10.0,3.0,-10.91,1376.78,-0.09,,,0.4150497749969256,0.42117086,0.0661405442689233,35973,0.02926084321260417,True,False,False,0.5,0.6005871396483713,0.3575238326753623,0.7836571976298362,0.05999324899154393,12
FOXK2_and_O95619,C_B,12.0,0.333,0.167,0.333,11.0,0.46,5.0,1.0,-8.09,841.82,-0.87,,,0.6080370223079914,0.6619698,0.1251215538983565,28599,0.03274227943922078,True,False,False,0.5,0.5948713216030412,0.4063665906017704,0.6230176019518996,0.16035845065241244,13
FOXK2_and_Q96EZ8,C_B,98.0,0.194,0.357,0.296,174.0,0.223,31.0,10.0,-29.77,3166.85,0.82,,,0.326509157210525,0.34707555,0.2290080357614853,2797,0.01861967556142761,True,False,True,0.75,0.45472681058520165,0.20823372887649205,0.060931509236667826,0.33713717600044235,14
FOXK2_and_Q92993,C_B,89.0,0.292,0.27,0.202,115.0,0.322,21.0,5.0,-24.63,3502.42,0.31,,,0.3992575115374711,0.3905352,0.1180789414742065,3892,0.03059965232261291,True,False,False,0.5,0.3047333220780524,0.3763066352353783,0.08478563959567793,0.1483743693250487,15
FOXK2_and_Q9ULD4,C_B,66.0,0.273,0.212,0.258,69.0,0.257,12.0,11.0,-1.44,2509.71,-0.93,,,0.3131634068885284,0.31486577,0.0946645339245875,17305,0.01169222203582396,True,False,False,0.5,0.2982793484814778,0.11104512234374271,0.3769823980481004,0.1085311765711125,16
FOXK2_and_Q8N5Y2,C_B,89.0,0.315,0.337,0.191,91.0,0.353,22.0,3.0,-13.95,3192.64,-0.07,,,0.2724672359629391,0.2664253,0.2145310400519618,49,0.01884250284421049,False,False,True,0.5,0.26246484069623655,0.21135988093671246,0.0010674451028232833,0.31250235535293736,17
FOXK2_and_P51610,,,,,,,,,,,,No interface detected,,,0.3626633132009895,0.3573609,0.0732286690443238,15052,0.01106230513398045,True,False,False,0.5,0.2510820984802368,0.10220771250832086,0.3279017079121645,0.07205477653998829,18
FOXK2_and_Q15014,C_B,59.0,0.305,0.339,0.186,68.0,0.392,11.0,5.0,-25.1,1892.84,0.3,,,0.246468675315115,0.2319667,0.1249000714278684,2520,0.02330923568057369,True,False,False,0.5,0.24445229206961405,0.2740258430417972,0.054897176716626,0.15998156438080488,19
FOXK2_and_Q9NPF5,C_B,33.0,0.364,0.303,0.242,27.0,0.331,8.0,0.0,-11.13,1908.63,-2.02,,,0.2688841891857856,0.26940608,0.1396469347705191,4136,0.01498450438307457,True,False,False,0.5,0.21620541764420323,0.15723414872393396,0.09010108051585919,0.1850756060486133,20
FOXK2_and_Q68DK7,C_B,139.0,0.273,0.331,0.237,253.0,0.088,21.0,6.0,-26.92,3611.41,0.8,,,0.2576908070443806,0.25743407,0.1377201988684408,6076,0.009954028190607235,True,False,False,0.5,0.20040966038504401,0.08665915756230533,0.13236319275008715,0.18179697045769555,21
FOXK2_and_Q9P2N6,C_B,46.0,0.37,0.304,0.152,54.0,0.241,15.0,12.0,-6.19,2116.16,-0.05,,,0.3438482186425451,0.32704434,0.0409575066938749,3516,0.02025876492998718,True,False,False,0.5,0.16248220155318446,0.23122930887196624,0.07659463227605437,0.017140461958348317,22
FOXK2_and_A8MW92,C_B,70.0,0.343,0.271,0.3,85.0,0.301,21.0,17.0,1.95,2243.2,0.82,,,0.2939305507340847,0.29810694,0.0575016708777713,9429,0.00797420417884441,True,False,False,0.5,0.15479153391825703,0.05888324594165832,0.20540693621470896,0.0452928856801468,23
FOXK2_and_Q9BVI0,C_B,67.0,0.269,0.299,0.299,84.0,0.282,10.0,8.0,-2.95,2249.25,-1.1,,,0.2907994242925533,0.29787236,0.0442279257848991,9615,0.008162152970437798,True,False,False,0.5,0.14684226062860434,0.061520070726835616,0.2094588706866504,0.022705579843722706,24
FOXK2_and_Q52LR7,C_B,53.0,0.245,0.321,0.208,77.0,0.225,9.0,3.0,-18.88,2168.72,-1.14,,,0.2653564843903173,0.25802347,0.0485038296960315,3820,0.008967236341586391,True,False,False,0.5,0.09300690429626716,0.07281497594639849,0.08321714883234577,0.029981683813790065,25
FOXK2_and_Q15906,C_B,31.0,0.29,0.097,0.387,37.0,0.175,8.0,9.0,-0.49,1504.04,-1.16,,,0.1829759396200619,0.17020674,0.0849294758846893,0,0.01272190201016165,False,False,False,0.0,0.0,0.12549100227793353,0.0,0.091965487555388,26
FOXK2_and_Q9NV56,C_B,33.0,0.182,0.333,0.394,31.0,0.292,12.0,10.0,-7.27,1330.98,-1.4,,,0.1929318067215383,0.18007371,0.0350762150033494,7,0.01902435715423656,False,False,False,0.0,0.0,0.21391120328309632,0.00015249215754618335,0.007132545338158464,27
FOXK2_and_Q9HCI7,C_B,46.0,0.326,0.37,0.196,43.0,0.338,14.0,2.0,-11.03,1861.68,-0.73,,,0.2020218598604818,0.18903607,0.0671077663119286,0,0.01328689686576886,False,False,False,0.0,0.0,0.13341758922820135,0.0,0.06163912511348506,28
FOXK2_and_Q9H9L4,C_B,53.0,0.283,0.321,0.17,69.0,0.28,12.0,8.0,-13.33,1893.15,-0.47,,,0.2085380872008791,0.19938347,0.0488739151213737,1242,0.01142597101872262,False,False,False,0.0,0.0,0.10730975764669098,0.02705646566747996,0.030611440723337477,29
FOXK2_and_Q7Z3B3,C_B,143.0,0.287,0.322,0.217,201.0,0.195,39.0,12.0,-27.65,4103.89,0.45,,,0.2076285329010898,0.19903141,0.0477502864483857,0,0.005615509326373613,False,False,False,0.0,0.0,0.02579197147834391,0.0,0.02869941481762803,30
FOXK2_and_Q9Y265,C_B,23.0,0.304,0.478,0.217,31.0,0.243,11.0,7.0,-6.75,1300.45,-0.79,,,0.3309728051605062,0.30910423,0.0809062764385688,969,0.02845433834736959,False,False,False,0.0,0.0,0.34620898462559485,0.021109271523178808,0.08511939885211366,31
FOXK2_and_Q9UBU8,C_B,51.0,0.353,0.314,0.196,47.0,0.288,11.0,3.0,-25.52,2263.76,-0.82,,,0.2220950607693309,0.20694667,0.1419254543007588,21,0.02229893623314103,False,False,False,0.0,0.0,0.25985186192248966,0.00045747647263855,0.18895285524420213,32
FOXK2_and_Q9H0E9,C_B,185.0,0.351,0.33,0.189,268.0,0.152,37.0,14.0,-41.28,5256.26,0.66,,,0.2357858626632221,0.2311624,0.1006832238767177,0,0.008417132760971684,False,False,False,0.0,0.0,0.06509730591786365,0.0,0.11877289733132045,33
FOXK2_and_Q9NXR8,C_B,8.0,0.5,0.25,0.125,4.0,0.389,10.0,9.0,-5.08,1282.27,-0.91,,,0.2501536887348114,0.24229948,0.0731692772606808,217,0.01461502340569999,False,False,False,0.0,0.0,0.1520505208296906,0.004727256883931684,0.07195371234356676,34
FOXK2_and_Q9H2F5,C_B,34.0,0.324,0.294,0.235,40.0,0.268,7.0,0.0,-15.9,1544.28,-1.9,,,0.2546603153371126,0.24471235,0.0308846753231545,1097,0.009226134050128877,False,False,False,0.0,0.0,0.07644717751004211,0.023897699546880445,0.0,35
FOXK2_and_Q96L91,,,,,,,,,,,,No interface detected,,,0.3024085836489561,0.29172462,0.0311875806856201,0,0.00377709749885435,False,False,False,0.0,0.0,0.0,0.0,0.000515439765765678,36
FOXK2_and_Q9HAF1,C_B,28.0,0.429,0.214,0.321,35.0,0.201,8.0,0.0,-2.12,1134.44,-1.53,,,0.1858275166228498,0.16891974,0.0375795806650851,0,0.01826743857385789,False,False,False,0.0,0.0,0.20329202528156082,0.0,0.011392404588611441,37
