A Residue,B Residue,Distance,PAE,A pLDDT,B pLDDT
65,368,7.426418688763605,12.468494,89.4916028082311,31.214798297805828
65,367,4.359738001384039,12.614786,89.4916028082311,28.444578517653095
47,366,5.043875811511459,12.943054,89.52657868715823,28.472893419924727
90,368,7.264696598925161,12.985699,96.34764379027094,31.214798297805828
65,366,4.854313847896918,13.229628,89.4916028082311,28.472893419924727
64,368,7.683606472444412,13.406872,92.22014470093637,31.214798297805828
47,367,7.25726844181717,13.413427,89.52657868715823,28.444578517653095
49,368,4.945837640940045,13.808229,94.3807670707557,31.214798297805828
89,366,7.315171046556349,14.086743,90.86712297879318,28.472893419924727
89,367,4.677040940530696,14.236652,90.86712297879318,28.444578517653095
107,367,7.275997824384317,14.320804,86.492063233014,28.444578517653095
89,368,7.705151206592827,14.326878,90.86712297879318,31.214798297805828
321,366,7.259897235042194,14.538972,90.78401705432087,28.472893419924727
322,366,6.297697267332914,14.56233,84.49539143515754,28.472893419924727
48,368,7.780432860850683,14.572723,94.71744337608703,31.214798297805828
47,365,7.023014860350176,14.598627,89.52657868715823,28.96952609228537
91,369,7.7101111511102705,14.618478,94.40954372690894,27.18161178008449
261,368,7.861615275763244,14.728273,91.70757427475351,31.214798297805828
322,365,7.226551114243636,14.776179,84.49539143515754,28.96952609228537
49,367,6.4392221983605875,14.850729,94.3807670707557,28.444578517653095
46,366,5.7161926131714065,14.912927,87.6474681139823,28.472893419924727
90,367,6.040634412105087,14.9217,96.34764379027094,28.444578517653095
91,368,4.835802165016464,14.931309,94.40954372690894,31.214798297805828
88,367,7.956478580129137,14.946076,90.15024333387738,28.444578517653095
65,365,6.1849466326718865,14.976031,89.4916028082311,28.96952609228537
49,366,7.779766673736429,15.118366,94.3807670707557,28.472893419924727
66,366,7.795225489354791,15.236029,86.4955222849414,28.472893419924727
46,365,5.353851642585224,15.450038,87.6474681139823,28.96952609228537
48,366,7.519972040583012,15.710499,94.71744337608703,28.472893419924727
91,367,5.812878057833238,15.773627,94.40954372690894,28.444578517653095
260,358,4.43297942560717,15.89077,85.33962990780765,26.91342731183238
66,365,7.319763730306197,15.948044,86.4955222849414,28.96952609228537
64,367,6.384924887620587,15.970842,92.22014470093637,28.444578517653095
64,366,7.271696440893968,16.002777,92.22014470093637,28.472893419924727
48,367,7.87842698126568,16.027603,94.71744337608703,28.444578517653095
259,358,6.452610375412676,16.217827,74.76077985513183,26.91342731183238
131,371,7.264354891144797,16.226582,85.65758937762594,27.111491730354594
260,357,4.931167185190174,16.33182,85.33962990780765,26.659664658669495
92,368,7.778919442407135,16.333235,97.95243450428579,31.214798297805828
259,357,4.513605614039383,16.511585,74.76077985513183,26.659664658669495
259,359,7.594660293124154,16.533398,74.76077985513183,27.210643112702538
107,371,7.22532333130528,16.58839,86.492063233014,27.111491730354594
259,356,6.69839349922409,16.679468,74.76077985513183,26.930685780283504
261,357,7.293345594205147,16.861486,91.70757427475351,26.659664658669495
261,356,7.943618745010542,16.90442,91.70757427475351,26.930685780283504
260,359,6.31654611487745,16.94928,85.33962990780765,27.210643112702538
261,358,5.100682114282002,17.0248,91.70757427475351,26.91342731183238
191,353,5.527731937536028,17.173424,72.92558135084187,31.532982679500027
260,356,7.16788065659851,17.186329,85.33962990780765,26.930685780283504
208,312,7.235859224003971,17.197529,82.33621968799227,58.743342883736624
259,354,6.970690309343192,17.266424,74.76077985513183,27.656242150494105
259,355,7.6138912595477075,17.303123,74.76077985513183,25.119037380493857
133,368,7.672509593057898,17.408138,93.98192555129457,31.214798297805828
216,354,6.323139793258207,17.75744,79.82660393279603,27.656242150494105
216,353,4.825340788395245,18.090992,79.82660393279603,31.532982679500027
193,353,6.763241517793727,18.161034,76.42445795013924,31.532982679500027
234,354,7.003425085951326,18.336758,83.0690650726407,27.656242150494105
258,354,7.863932490094955,18.389082,83.53340614485316,27.656242150494105
192,262,7.885385901486468,18.440153,65.80920137723704,78.22557895153194
216,352,7.908747504163591,18.477613,79.82660393279603,34.78689520248644
191,356,6.983431175859379,18.477615,72.92558135084187,26.930685780283504
192,353,6.3005246478272126,18.514467,65.80920137723704,31.532982679500027
207,312,6.750735256942316,18.688278,78.1429289716107,58.743342883736624
215,353,5.867080739012247,18.711712,70.84709620451423,31.532982679500027
208,309,7.408028145302024,18.874294,82.33621968799227,72.13219549140011
215,352,7.346456894964873,19.048388,70.84709620451423,34.78689520248644
205,308,6.942415812945505,19.124626,84.00253646431548,62.758671860252655
215,351,6.379467187979027,19.149887,70.84709620451423,39.76378820891477
191,354,7.368920598281242,19.168257,72.92558135084187,27.656242150494105
171,302,7.816404168536436,19.214146,65.41795121329764,74.08646686728967
215,354,7.422804424866109,19.391718,70.84709620451423,27.656242150494105
207,308,7.979727910792084,19.751392,78.1429289716107,62.758671860252655
215,350,7.586519109058466,20.147158,70.84709620451423,55.135625925275235
206,308,7.864606329384475,20.328558,77.88924995482232,62.758671860252655
168,301,5.11478911272557,20.350601,82.37491801805248,68.1356561186053
213,350,6.434850356869179,20.449993,56.33874123949102,55.135625925275235
168,302,7.831820275197649,20.469046,82.37491801805248,74.08646686728967
213,351,7.381392743801252,20.530396,56.33874123949102,39.76378820891477
214,350,6.673542732753911,20.660595,67.5355692547503,55.135625925275235
214,351,7.50481008866618,20.963146,67.5355692547503,39.76378820891477
169,301,7.708638021625207,21.726141,78.46795425216371,68.1356561186053
192,147,7.349043281796203,22.627731,65.80920137723704,53.12481976014026
191,147,7.387278018470906,22.919622,72.92558135084187,53.12481976014026
172,147,6.1758577037389,23.587063,65.64602135473766,53.12481976014026
172,148,6.9423108867083085,23.96494,65.64602135473766,58.578565632278455
