A Residue,B Residue,A PAE,B PAE,A Probability,B Probability,A plddt,B plddt
40,415,31.0,31.6,0.13,0.13,27.2,94.68
42,413,31.2,31.6,0.12,0.12,23.52,96.23
47,354,13.5,12.7,0.32,0.32,24.38,96.3
49,358,12.0,15.6,0.46,0.46,24.23,94.76
65,365,21.8,20.8,0.15,0.15,28.04,91.6
78,125,28.6,30.2,0.12,0.12,25.7,97.39
79,127,28.2,29.8,0.15,0.15,27.94,96.87
80,146,28.0,29.6,0.13,0.13,26.65,91.31
107,357,13.8,14.4,0.35,0.35,24.65,96.21
129,257,23.8,21.7,0.11,0.11,32.78,91.05
130,260,21.7,20.8,0.12,0.12,37.89,86.68
139,651,18.8,27.1,0.11,0.11,31.61,86.99
171,263,19.3,18.3,0.19,0.19,32.21,91.15
172,262,19.7,17.6,0.2,0.2,32.92,85.35
173,361,17.3,22.8,0.28,0.28,30.08,97.06
182,650,16.4,23.1,0.15,0.15,30.35,89.0
184,600,31.1,31.4,0.17,0.17,36.21,94.14
191,370,28.1,31.1,0.15,0.15,46.72,97.68
206,604,25.7,30.8,0.16,0.16,51.58,96.78
208,627,25.7,28.4,0.11,0.11,56.39,96.72
223,393,31.1,31.6,0.14,0.14,83.06,96.68
224,437,31.1,31.7,0.22,0.22,72.93,98.02
225,641,2.1,1.7,0.88,0.88,62.23,90.95
244,603,30.7,30.8,0.12,0.12,96.63,97.54
248,634,12.8,15.7,0.16,0.16,95.27,90.83
249,640,2.7,3.3,0.82,0.82,89.81,91.73
260,359,13.9,18.1,0.5,0.5,95.44,94.89
261,369,27.7,30.7,0.16,0.16,96.7,98.02
289,639,2.2,4.5,0.78,0.78,94.52,91.34
